<?xml version="1.0" encoding="UTF-8"?>
<project-private xmlns="http://www.netbeans.org/ns/project-private/1">
    <editor-bookmarks xmlns="http://www.netbeans.org/ns/editor-bookmarks/2" lastBookmarkId="0"/>
    <open-files xmlns="http://www.netbeans.org/ns/projectui-open-files/2">
        <group>
            <file>file:/E:/OneDrive%20Asia%20Pacific%20University/OneDrive%20-%20Asia%20Pacific%20University/Degree%20in%20CS(AI)/Semester%201/OODJ/RetailSystem_2/src/Retail/demo/solution/OrderOperation.java</file>
            <file>file:/E:/OneDrive%20Asia%20Pacific%20University/OneDrive%20-%20Asia%20Pacific%20University/Degree%20in%20CS(AI)/Semester%201/OODJ/RetailSystem_2/src/myretail/gui/view/CustomerLogin.java</file>
            <file>file:/E:/OneDrive%20Asia%20Pacific%20University/OneDrive%20-%20Asia%20Pacific%20University/Degree%20in%20CS(AI)/Semester%201/OODJ/RetailSystem_2/src/myretail/gui/view/Order.java</file>
            <file>file:/E:/OneDrive%20Asia%20Pacific%20University/OneDrive%20-%20Asia%20Pacific%20University/Degree%20in%20CS(AI)/Semester%201/OODJ/RetailSystem_2/src/myretail/gui/view/AdminCartManage.java</file>
            <file>file:/E:/OneDrive%20Asia%20Pacific%20University/OneDrive%20-%20Asia%20Pacific%20University/Degree%20in%20CS(AI)/Semester%201/OODJ/RetailSystem_2/src/myretail/gui/view/CustomerEntry.java</file>
            <file>file:/E:/OneDrive%20Asia%20Pacific%20University/OneDrive%20-%20Asia%20Pacific%20University/Degree%20in%20CS(AI)/Semester%201/OODJ/RetailSystem_2/src/myretail/gui/view/CustomerCartManage.java</file>
        </group>
    </open-files>
</project-private>
